{
	"groups":[{
			"keys":"kaixue-1_png,kaixue-2_png,reduce_png,sele-li_png,se-title-1_png,se-title-2_png,se-title-3_png,tips_png,title-1_png,title-2_png,title-3_png,title-4_png,xin_png,zuhe-1_png,zuhe-2_png,zuhe-3_png,add_png,bangshuli_png,banner_png,bg_jpg,cake-0_png,cake-1_png,cake-2_png,cake-3_png,cake-4_png,gaobai_png,go-btn_png,go-buy_png,go-buys_png,go-car_png,haoli_png,in-l_png,input_png,in-r_png",
			"name":"preload"
		}],
	"resources":[
		{
			"name":"kaixue-1_png",
			"type":"image",
			"url":"kaixue-1.png"
		},
		{
			"name":"kaixue-2_png",
			"type":"image",
			"url":"kaixue-2.png"
		},
		{
			"name":"reduce_png",
			"type":"image",
			"url":"reduce.png"
		},
		{
			"name":"sele-li_png",
			"type":"image",
			"url":"sele-li.png"
		},
		{
			"name":"se-title-1_png",
			"type":"image",
			"url":"se-title-1.png"
		},
		{
			"name":"se-title-2_png",
			"type":"image",
			"url":"se-title-2.png"
		},
		{
			"name":"se-title-3_png",
			"type":"image",
			"url":"se-title-3.png"
		},
		{
			"name":"tips_png",
			"type":"image",
			"url":"tips.png"
		},
		{
			"name":"title-1_png",
			"type":"image",
			"url":"title-1.png"
		},
		{
			"name":"title-2_png",
			"type":"image",
			"url":"title-2.png"
		},
		{
			"name":"title-3_png",
			"type":"image",
			"url":"title-3.png"
		},
		{
			"name":"title-4_png",
			"type":"image",
			"url":"title-4.png"
		},
		{
			"name":"xin_png",
			"type":"image",
			"url":"xin.png"
		},
		{
			"name":"zuhe-1_png",
			"type":"image",
			"url":"zuhe-1.png"
		},
		{
			"name":"zuhe-2_png",
			"type":"image",
			"url":"zuhe-2.png"
		},
		{
			"name":"zuhe-3_png",
			"type":"image",
			"url":"zuhe-3.png"
		},
		{
			"name":"add_png",
			"type":"image",
			"url":"add.png"
		},
		{
			"name":"bangshuli_png",
			"type":"image",
			"url":"bangshuli.png"
		},
		{
			"name":"banner_png",
			"type":"image",
			"url":"banner.png"
		},
		{
			"name":"bg_jpg",
			"type":"image",
			"url":"bg.jpg"
		},
		{
			"name":"cake-0_png",
			"type":"image",
			"url":"cake-0.png"
		},
		{
			"name":"cake-1_png",
			"type":"image",
			"url":"cake-1.png"
		},
		{
			"name":"cake-2_png",
			"type":"image",
			"url":"cake-2.png"
		},
		{
			"name":"cake-3_png",
			"type":"image",
			"url":"cake-3.png"
		},
		{
			"name":"cake-4_png",
			"type":"image",
			"url":"cake-4.png"
		},
		{
			"name":"gaobai_png",
			"type":"image",
			"url":"gaobai.png"
		},
		{
			"name":"go-btn_png",
			"type":"image",
			"url":"go-btn.png"
		},
		{
			"name":"go-buy_png",
			"type":"image",
			"url":"go-buy.png"
		},
		{
			"name":"go-buys_png",
			"type":"image",
			"url":"go-buys.png"
		},
		{
			"name":"go-car_png",
			"type":"image",
			"url":"go-car.png"
		},
		{
			"name":"haoli_png",
			"type":"image",
			"url":"haoli.png"
		},
		{
			"name":"in-l_png",
			"type":"image",
			"url":"in-l.png"
		},
		{
			"name":"input_png",
			"type":"image",
			"url":"input.png"
		},
		{
			"name":"in-r_png",
			"type":"image",
			"url":"in-r.png"
		}
	]
}