{
	"groups":[{
			"keys":"lichi_png,love_png,office_png,pan_png,paper_png,reel-1_png,reel-2_png,scoop_png,sec2-bg_png,sec3-bg_png,title_png,whiteLover_png,word-1_png,word-2_png,word-3_png,arrow-1_png,arrow-2_png,arrow-3_png,dog-1_png,dog-2_png,fly-1_png,fly-2_png,gezi-1_png,gezi-2_png,gezi-3_png,gezi-4_png,gezi-5_png,gezi-6_png,gezi-7_png,gezi-8_png,girl-1_png,girl-2_png,heart-1_png,heart-2_png,heart-3_png,heart-4_png,bg_jpg,bottom_png,buy-btn-1_png,buy-btn-2_png,buy-btn-3_png,cake_png,cici-1_png,cici-2_png,computer_png,feather-1_png,feather-2_png,gezi_png,giftBox_png,heart_png",
			"name":"preload"
		}],
	"resources":[
		{
			"name":"lichi_png",
			"type":"image",
			"url":"lichi.png"
		},
		{
			"name":"love_png",
			"type":"image",
			"url":"love.png"
		},
		{
			"name":"office_png",
			"type":"image",
			"url":"office.png"
		},
		{
			"name":"pan_png",
			"type":"image",
			"url":"pan.png"
		},
		{
			"name":"paper_png",
			"type":"image",
			"url":"paper.png"
		},
		{
			"name":"reel-1_png",
			"type":"image",
			"url":"reel-1.png"
		},
		{
			"name":"reel-2_png",
			"type":"image",
			"url":"reel-2.png"
		},
		{
			"name":"scoop_png",
			"type":"image",
			"url":"scoop.png"
		},
		{
			"name":"sec2-bg_png",
			"type":"image",
			"url":"sec2-bg.png"
		},
		{
			"name":"sec3-bg_png",
			"type":"image",
			"url":"sec3-bg.png"
		},
		{
			"name":"title_png",
			"type":"image",
			"url":"title.png"
		},
		{
			"name":"whiteLover_png",
			"type":"image",
			"url":"whiteLover.png"
		},
		{
			"name":"word-1_png",
			"type":"image",
			"url":"word-1.png"
		},
		{
			"name":"word-2_png",
			"type":"image",
			"url":"word-2.png"
		},
		{
			"name":"word-3_png",
			"type":"image",
			"url":"word-3.png"
		},
		{
			"name":"arrow-1_png",
			"type":"image",
			"url":"arrow/arrow-1.png"
		},
		{
			"name":"arrow-2_png",
			"type":"image",
			"url":"arrow/arrow-2.png"
		},
		{
			"name":"arrow-3_png",
			"type":"image",
			"url":"arrow/arrow-3.png"
		},
		{
			"name":"dog-1_png",
			"type":"image",
			"url":"dog/dog-1.png"
		},
		{
			"name":"dog-2_png",
			"type":"image",
			"url":"dog/dog-2.png"
		},
		{
			"name":"fly-1_png",
			"type":"image",
			"url":"fly/fly-1.png"
		},
		{
			"name":"fly-2_png",
			"type":"image",
			"url":"fly/fly-2.png"
		},
		{
			"name":"gezi-1_png",
			"type":"image",
			"url":"gezi/gezi-1.png"
		},
		{
			"name":"gezi-2_png",
			"type":"image",
			"url":"gezi/gezi-2.png"
		},
		{
			"name":"gezi-3_png",
			"type":"image",
			"url":"gezi/gezi-3.png"
		},
		{
			"name":"gezi-4_png",
			"type":"image",
			"url":"gezi/gezi-4.png"
		},
		{
			"name":"gezi-5_png",
			"type":"image",
			"url":"gezi/gezi-5.png"
		},
		{
			"name":"gezi-6_png",
			"type":"image",
			"url":"gezi/gezi-6.png"
		},
		{
			"name":"gezi-7_png",
			"type":"image",
			"url":"gezi/gezi-7.png"
		},
		{
			"name":"gezi-8_png",
			"type":"image",
			"url":"gezi/gezi-8.png"
		},
		{
			"name":"girl-1_png",
			"type":"image",
			"url":"girl/girl-1.png"
		},
		{
			"name":"girl-2_png",
			"type":"image",
			"url":"girl/girl-2.png"
		},
		{
			"name":"heart-1_png",
			"type":"image",
			"url":"heart/heart-1.png"
		},
		{
			"name":"heart-2_png",
			"type":"image",
			"url":"heart/heart-2.png"
		},
		{
			"name":"heart-3_png",
			"type":"image",
			"url":"heart/heart-3.png"
		},
		{
			"name":"heart-4_png",
			"type":"image",
			"url":"heart/heart-4.png"
		},
		{
			"name":"bg_jpg",
			"type":"image",
			"url":"bg.jpg"
		},
		{
			"name":"bottom_png",
			"type":"image",
			"url":"bottom.png"
		},
		{
			"name":"buy-btn-1_png",
			"type":"image",
			"url":"buy-btn-1.png"
		},
		{
			"name":"buy-btn-2_png",
			"type":"image",
			"url":"buy-btn-2.png"
		},
		{
			"name":"buy-btn-3_png",
			"type":"image",
			"url":"buy-btn-3.png"
		},
		{
			"name":"cake_png",
			"type":"image",
			"url":"cake.png"
		},
		{
			"name":"cici-1_png",
			"type":"image",
			"url":"cici-1.png"
		},
		{
			"name":"cici-2_png",
			"type":"image",
			"url":"cici-2.png"
		},
		{
			"name":"computer_png",
			"type":"image",
			"url":"computer.png"
		},
		{
			"name":"feather-1_png",
			"type":"image",
			"url":"feather-1.png"
		},
		{
			"name":"feather-2_png",
			"type":"image",
			"url":"feather-2.png"
		},
		{
			"name":"gezi_png",
			"type":"image",
			"url":"gezi.png"
		},
		{
			"name":"giftBox_png",
			"type":"image",
			"url":"giftBox.png"
		},
		{
			"name":"heart_png",
			"type":"image",
			"url":"heart.png"
		}
	]
}