{
	"groups":[{
			"keys":"quan-2_png,s-title_png,title_png,bg_jpg,btn-1_png,btn-2_png,cake_png,cp1_png,cp2_png,cp3_png,cp-title_png,line_png,minus_png,plus_png,quan-1_png",
			"name":"preload"
		}],
	"resources":[
		{
			"name":"quan-2_png",
			"type":"image",
			"url":"quan-2.png"
		},
		{
			"name":"s-title_png",
			"type":"image",
			"url":"s-title.png"
		},
		{
			"name":"title_png",
			"type":"image",
			"url":"title.png"
		},
		{
			"name":"bg_jpg",
			"type":"image",
			"url":"bg.jpg"
		},
		{
			"name":"btn-1_png",
			"type":"image",
			"url":"btn-1.png"
		},
		{
			"name":"btn-2_png",
			"type":"image",
			"url":"btn-2.png"
		},
		{
			"name":"cake_png",
			"type":"image",
			"url":"cake.png"
		},
		{
			"name":"cp1_png",
			"type":"image",
			"url":"cp1.png"
		},
		{
			"name":"cp2_png",
			"type":"image",
			"url":"cp2.png"
		},
		{
			"name":"cp3_png",
			"type":"image",
			"url":"cp3.png"
		},
		{
			"name":"cp-title_png",
			"type":"image",
			"url":"cp-title.png"
		},
		{
			"name":"line_png",
			"type":"image",
			"url":"line.png"
		},
		{
			"name":"minus_png",
			"type":"image",
			"url":"minus.png"
		},
		{
			"name":"plus_png",
			"type":"image",
			"url":"plus.png"
		},
		{
			"name":"quan-1_png",
			"type":"image",
			"url":"quan-1.png"
		}
	]
}