{
	"groups":[{
			"keys":"recommend_title_png,star_png,t-1_png,t-2_png,t-3_png,t-4_png,banner_png,cake-1_png,cake-2_png,cake-3_png,cake-4_png,foot-bg_png,hy-title-1_png,icon_20_png,icon_40_png,icon_50_png,icon_60_png,recommend_cake_png",
			"name":"preload"
		}],
	"resources":[
		{
			"name":"recommend_title_png",
			"type":"image",
			"url":"recommend_title.png"
		},
		{
			"name":"star_png",
			"type":"image",
			"url":"star.png"
		},
		{
			"name":"t-1_png",
			"type":"image",
			"url":"t-1.png"
		},
		{
			"name":"t-2_png",
			"type":"image",
			"url":"t-2.png"
		},
		{
			"name":"t-3_png",
			"type":"image",
			"url":"t-3.png"
		},
		{
			"name":"t-4_png",
			"type":"image",
			"url":"t-4.png"
		},
		{
			"name":"banner_png",
			"type":"image",
			"url":"banner.png"
		},
		{
			"name":"cake-1_png",
			"type":"image",
			"url":"cake-1.png"
		},
		{
			"name":"cake-2_png",
			"type":"image",
			"url":"cake-2.png"
		},
		{
			"name":"cake-3_png",
			"type":"image",
			"url":"cake-3.png"
		},
		{
			"name":"cake-4_png",
			"type":"image",
			"url":"cake-4.png"
		},
		{
			"name":"foot-bg_png",
			"type":"image",
			"url":"foot-bg.png"
		},
		{
			"name":"hy-title-1_png",
			"type":"image",
			"url":"hy-title-1.png"
		},
		{
			"name":"icon_20_png",
			"type":"image",
			"url":"icon_20.png"
		},
		{
			"name":"icon_40_png",
			"type":"image",
			"url":"icon_40.png"
		},
		{
			"name":"icon_50_png",
			"type":"image",
			"url":"icon_50.png"
		},
		{
			"name":"icon_60_png",
			"type":"image",
			"url":"icon_60.png"
		},
		{
			"name":"recommend_cake_png",
			"type":"image",
			"url":"recommend_cake.png"
		}
	]
}